--- static data for Inventory 
INSERT INTO "Inventory" ("inventoryId", name, "quantityOnHand", "reorderThreshold") VALUES
(1, 'Milk Tea', 2312, 2000),
(2, 'Honey', 1502, 1000),
(3, 'Coffee', 1231, 1000),
(4, 'Thai Milk Tea', 1427, 1000),
(5, 'Taro', 1621, 1000),
(6, 'Mango', 1283, 1000),
(7, 'Coconut', 1351, 1000),
(8, 'Tea', 2732, 2000),
(9, 'Mango Tea', 1024, 1000),
(10, 'Berry', 1026, 1000),
(11, 'Peach Tea', 1118, 1000),
(12, 'Passion Fruit', 1508, 1000),
(13, 'Lemonade', 1421, 1000),
(14, 'Strawberry', 1622, 1000),
(15, 'Halo Halo', 1024, 1000),
(16, 'Wintermelon Tea', 1212, 1000),
(17, 'Lychee', 1842, 1000),
(18, 'Pearls (Boba)', 1925, 1000),
(19, 'Coffee Jelly', 1219, 1000),
(20, 'Pudding', 1190, 1000),
(21, 'Lychee Jelly', 1384, 1000),
(22, 'Honey Jelly', 1412, 1000),
(23, 'Crystal Boba', 1837, 1000),
(24, 'Mango Popping Boba', 1612, 1000),
(25, 'Strawberry Popping Boba', 1829, 1000),
(26, 'Ice cream', 1721, 1000),
(27, 'Creama', 1421, 1000),
(28, 'Cups', 9772, 5000),
(29, 'Straws', 9291, 5000),
(30, 'Sealing Plastic', 6592, 5000),
(31, 'Napkins', 10000, 5000);

--- static data for Items 

INSERT INTO "Item" ("itemId", name, "basePrice", size) VALUES
(1, 'Classic Pearl Milk Tea', 10.30, 'Normal'),
(2, 'Honey Pearl Milk Tea', 10.50, 'Normal'),
(3, 'Coffee Creama', 11.00, 'Normal'),
(4, 'Coffee Milk Tea w/Coffee Jelly', 10.75, 'Normal'),
(5, 'Hokkaido Milk Tea', 10.75, 'Normal'),
(6, 'Thai Pearl Milk Tea', 10.75, 'Normal'),
(7, 'Taro Pearl Milk Tea', 10.75, 'Normal'),
(8, 'Mango Green Milk Tea', 11.00, 'Normal'),
(9, 'Coconut Pearl Milk Tea', 11.25, 'Normal'),
(10, 'Classic Tea', 9.15, 'Normal'),
(11, 'Honey Tea', 9.35, 'Normal'),
(12, 'Mango Green Tea', 10.30, 'Normal'),
(13, 'Berry Lychee Jelly', 10.75, 'Normal'),
(14, 'Peach Tea w/Honey Jelly', 10.75, 'Normal'),
(15, 'Mango & Passion Fruit Tea', 10.75, 'Normal'),
(16, 'Honey Lemonade', 10.75, 'Normal'),
(17, 'Strawberry Coconut', 11.00, 'Normal'),
(18, 'Halo Halo', 11.45, 'Normal'),
(19, 'Wintermelon Tea', 10.30, 'Normal'),
(20, 'Wintermelon Milk Tea', 9.70, 'Normal'),
(21, 'Brown Sugar Pearl Milk Tea', 11.00, 'Normal'),
(22, 'Brown Sugar Coffee Milk Tea', 11.00, 'Normal'),
(23, 'Brown Sugar Hokkaido Milk Tea', 11.00, 'Normal'),
(24, 'Brown Sugar Thai Pearl Milk Tea', 11.00, 'Normal'),
(25, 'Brown Sugar Taro Pearl Milk Tea', 11.00, 'Normal'),
(26, 'Brown Sugar Mango Green Milk Tea', 11.00, 'Normal'),
(27, 'Brown Sugar Coconut Pearl Milk Tea', 11.00, 'Normal'),
(28, 'Classic Pearl Milk Tea', 12.30, 'Large'),
(29, 'Honey Pearl Milk Tea', 12.50, 'Large'),
(30, 'Coffee Creama', 13.00, 'Large'),
(31, 'Coffee Milk Tea w/Coffee Jelly', 12.75, 'Large'),
(32, 'Hokkaido Milk Tea', 12.75, 'Large'),
(33, 'Thai Pearl Milk Tea', 12.75, 'Large'),
(34, 'Taro Pearl Milk Tea', 12.75, 'Large'),
(35, 'Mango Green Milk Tea', 13.00, 'Large'),
(36, 'Coconut Pearl Milk Tea', 13.25, 'Large'),
(37, 'Classic Tea', 11.15, 'Large'),
(38, 'Honey Tea', 11.35, 'Large'),
(39, 'Mango Green Tea', 12.30, 'Large'),
(40, 'Berry Lychee Jelly', 12.75, 'Large'),
(41, 'Peach Tea w/Honey Jelly', 12.75, 'Large'),
(42, 'Mango & Passion Fruit Tea', 12.75, 'Large'),
(43, 'Honey Lemonade', 12.75, 'Large'),
(44, 'Strawberry Coconut', 13.00, 'Large'),
(45, 'Halo Halo', 13.45, 'Large'),
(46, 'Wintermelon Tea', 12.30, 'Large'),
(47, 'Wintermelon Milk Tea', 11.70, 'Large'),
(48, 'Brown Sugar Pearl Milk Tea', 13.00, 'Large'),
(49, 'Brown Sugar Coffee Milk Tea', 13.00, 'Large'),
(50, 'Brown Sugar Hokkaido Milk Tea', 13.00, 'Large'),
(51, 'Brown Sugar Thai Pearl Milk Tea', 13.00, 'Large'),
(52, 'Brown Sugar Taro Pearl Milk Tea', 13.00, 'Large'),
(53, 'Brown Sugar Mango Green Milk Tea', 13.00, 'Large'),
(54, 'Brown Sugar Coconut Pearl Milk Tea', 13.00, 'Large');

--- static data for Inventory  

INSERT INTO "Ingredients" ("itemId", "inventoryId", "quantityUsed") VALUES
(1, 1, 1),  (1, 18, 1),
(2, 1, 1),  (2, 2, 1),  (2, 18, 1),
(3, 3, 1),  (3, 27, 1),
(4, 1, 1),  (4, 3, 1),  (4, 19, 1),
(5, 1, 1),  (5, 27, 1), (5, 18, 1),
(6, 4, 1),  (6, 18, 1),
(7, 1, 1),  (7, 5, 1),  (7, 18, 1),
(8, 1, 1),  (8, 6, 1),  (8, 9, 1),  (8, 18, 1),
(9, 1, 1),  (9, 7, 1),  (9, 18, 1),
(10, 8, 1),
(11, 8, 1), (11, 2, 1),
(12, 9, 1), (12, 6, 1),
(13, 8, 1), (13, 10, 1), (13, 17, 1), (13, 21, 1),
(14, 11, 1), (14, 22, 1),
(15, 9, 1), (15, 6, 1),  (15, 12, 1),
(16, 13, 1), (16, 2, 1),
(17, 14, 1), (17, 7, 1),  (17, 25, 1),
(18, 15, 1), (18, 26, 1), (18, 20, 1), (18, 23, 1),
(19, 16, 1),
(20, 1, 1),  (20, 16, 1), (20, 18, 1),
(21, 1, 1),  (21, 18, 1),
(22, 1, 1),  (22, 3, 1),  (22, 18, 1),
(23, 1, 1),  (23, 27, 1), (23, 18, 1),
(24, 4, 1),  (24, 18, 1),
(25, 1, 1),  (25, 5, 1),  (25, 18, 1),
(26, 1, 1),  (26, 6, 1),  (26, 9, 1),  (26, 18, 1),
(27, 1, 1),  (27, 7, 1),  (27, 18, 1),
(28, 1, 1),  (28, 18, 1),
(29, 1, 1),  (29, 2, 1),  (29, 18, 1),
(30, 3, 1),  (30, 27, 1),
(31, 1, 1),  (31, 3, 1),  (31, 19, 1),
(32, 1, 1),  (32, 27, 1), (32, 18, 1),
(33, 4, 1),  (33, 18, 1),
(34, 1, 1),  (34, 5, 1),  (34, 18, 1),
(35, 1, 1),  (35, 6, 1),  (35, 9, 1),  (35, 18, 1),
(36, 1, 1),  (36, 7, 1),  (36, 18, 1),
(37, 8, 1),
(38, 8, 1),  (38, 2, 1),
(39, 9, 1),  (39, 6, 1),
(40, 8, 1),  (40, 10, 1), (40, 17, 1), (40, 21, 1),
(41, 11, 1), (41, 22, 1),
(42, 9, 1),  (42, 6, 1),  (42, 12, 1),
(43, 13, 1), (43, 2, 1),
(44, 14, 1), (44, 7, 1),  (44, 25, 1),
(45, 15, 1), (45, 26, 1), (45, 20, 1), (45, 23, 1),
(46, 16, 1),
(47, 1, 1),  (47, 16, 1), (47, 18, 1),
(48, 1, 1),  (48, 18, 1),
(49, 1, 1),  (49, 3, 1),  (49, 18, 1),
(50, 1, 1),  (50, 27, 1), (50, 18, 1),
(51, 4, 1),  (51, 18, 1),
(52, 1, 1),  (52, 5, 1),  (52, 18, 1),
(53, 1, 1),  (53, 6, 1),  (53, 9, 1),  (53, 18, 1),
(54, 1, 1),  (54, 7, 1),  (54, 18, 1);