--- static data for Inventory 
INSERT INTO "Inventory" ("inventoryId", name, "quantityOnHand", "reorderThreshold", "pricePerUnit","type") VALUES
(1, 'Milk Tea', 2312, 2000,6.5,'Base'),
(2, 'Honey', 1502, 1000,1.5,'Flavor'),
(3, 'Coffee', 1231, 1000,6.5,'Base'),
(4, 'Thai Milk Tea', 1427, 1000,6.5,'Base'),
(5, 'Taro', 1621, 1000,1.5,'Flavor'),
(6, 'Mango', 1283, 1000,1.5,'Flavor'),
(7, 'Coconut', 1351, 1000,1.5,'Flavor'),
(8, 'Tea', 2732, 2000,6.5,'Base'),
(9, 'Mango Tea', 1024, 1000,6.5,'Base'),
(10, 'Berry', 1026, 1000,1.5,'Flavor'),
(11, 'Peach Tea', 1118, 1000,6.5,'Base'),
(12, 'Passion Fruit', 1508, 1000,1.5,'Flavor'),
(13, 'Lemonade', 1421, 1000,6.5,'Base'),
(14, 'Strawberry', 1622, 1000,1.5,'Flavor'),
(15, 'Halo Halo', 1024, 1000,1.5,'Flavor'),
(16, 'Wintermelon Tea', 1212, 1000,6.5,'Base'),
(17, 'Lychee', 1842, 1000,1.25,'Topping'),
(18, 'Pearls (Boba)', 1925, 1000,1.25,'Topping'),
(19, 'Coffee Jelly', 1219, 1000,1.25,'Topping'),
(20, 'Pudding', 1190, 1000,1.25,'Topping'),
(21, 'Lychee Jelly', 1384, 1000,1.25,'Topping'),
(22, 'Honey Jelly', 1412, 1000,1.25,'Topping'),
(23, 'Crystal Boba', 1837, 1000,1.25,'Topping'),
(24, 'Mango Popping Boba', 1612, 1000,1.25,'Topping'),
(25, 'Strawberry Popping Boba', 1829, 1000,1.25,'Topping'),
(26, 'Ice cream', 1721, 1000,1.25,'Topping'),
(27, 'Creama', 1421, 1000,1.25,'Topping'),
(28, 'Cups', 9772, 5000,0.0,'Other'),
(29, 'Straws', 9291, 5000,0.0,'Other'),
(30, 'Sealing Plastic', 6592, 5000,0.0,'Other'),
(31, 'Napkins', 10000, 5000,0.0,'Other');

--- static data for Items 

INSERT INTO "Item" (name, "basePrice", size) VALUES
('Classic Pearl Milk Tea', 10.30, 'Normal'),
('Honey Pearl Milk Tea', 10.50, 'Normal'),
('Coffee Creama', 11.00, 'Normal'),
('Coffee Milk Tea w/Coffee Jelly', 10.75, 'Normal'),
('Hokkaido Milk Tea', 10.75, 'Normal'),
('Thai Pearl Milk Tea', 10.75, 'Normal'),
('Taro Pearl Milk Tea', 10.75, 'Normal'),
('Mango Green Milk Tea', 11.00, 'Normal'),
('Coconut Pearl Milk Tea', 11.25, 'Normal'),
('Classic Tea', 9.15, 'Normal'),
('Honey Tea', 9.35, 'Normal'),
('Mango Green Tea', 10.30, 'Normal'),
('Berry Lychee Jelly', 10.75, 'Normal'),
('Peach Tea w/Honey Jelly', 10.75, 'Normal'),
('Mango & Passion Fruit Tea', 10.75, 'Normal'),
('Honey Lemonade', 10.75, 'Normal'),
('Strawberry Coconut', 11.00, 'Normal'),
('Halo Halo', 11.45, 'Normal'),
('Wintermelon Tea', 10.30, 'Normal'),
('Wintermelon Milk Tea', 9.70, 'Normal'),
('Brown Sugar Pearl Milk Tea', 11.00, 'Normal'),
('Brown Sugar Coffee Milk Tea', 11.00, 'Normal'),
('Brown Sugar Hokkaido Milk Tea', 11.00, 'Normal'),
('Brown Sugar Thai Pearl Milk Tea', 11.00, 'Normal'),
('Brown Sugar Taro Pearl Milk Tea', 11.00, 'Normal'),
('Brown Sugar Mango Green Milk Tea', 11.00, 'Normal'),
('Brown Sugar Coconut Pearl Milk Tea', 11.00, 'Normal'),
('Custom Normal Tea', 0, 'Normal'),
('Classic Pearl Milk Tea', 12.30, 'Large'),
('Honey Pearl Milk Tea', 12.50, 'Large'),
('Coffee Creama', 13.00, 'Large'),
('Coffee Milk Tea w/Coffee Jelly', 12.75, 'Large'),
('Hokkaido Milk Tea', 12.75, 'Large'),
('Thai Pearl Milk Tea', 12.75, 'Large'),
('Taro Pearl Milk Tea', 12.75, 'Large'),
('Mango Green Milk Tea', 13.00, 'Large'),
('Coconut Pearl Milk Tea', 13.25, 'Large'),
('Classic Tea', 11.15, 'Large'),
('Honey Tea', 11.35, 'Large'),
('Mango Green Tea', 12.30, 'Large'),
('Berry Lychee Jelly', 12.75, 'Large'),
('Peach Tea w/Honey Jelly', 12.75, 'Large'),
('Mango & Passion Fruit Tea', 12.75, 'Large'),
('Honey Lemonade', 12.75, 'Large'),
('Strawberry Coconut', 13.00, 'Large'),
('Halo Halo', 13.45, 'Large'),
('Wintermelon Tea', 12.30, 'Large'),
('Wintermelon Milk Tea', 11.70, 'Large'),
('Brown Sugar Pearl Milk Tea', 13.00, 'Large'),
('Brown Sugar Coffee Milk Tea', 13.00, 'Large'),
('Brown Sugar Hokkaido Milk Tea', 13.00, 'Large'),
('Brown Sugar Thai Pearl Milk Tea', 13.00, 'Large'),
('Brown Sugar Taro Pearl Milk Tea', 13.00, 'Large'),
('Brown Sugar Mango Green Milk Tea', 13.00, 'Large'),
('Brown Sugar Coconut Pearl Milk Tea', 13.00, 'Large'),
('Custom Large Tea', 2.00, 'Large' );

--- static data for Inventory  

INSERT INTO "Ingredients" ("itemId", "inventoryId", "quantityUsed") VALUES
(1, 1, 1),  (1, 18, 1),
(2, 1, 1),  (2, 2, 1),  (2, 18, 1),
(3, 3, 1),  (3, 27, 1),
(4, 1, 1),  (4, 3, 1),  (4, 19, 1),
(5, 1, 1),  (5, 27, 1), (5, 18, 1),
(6, 4, 1),  (6, 18, 1),
(7, 1, 1),  (7, 5, 1),  (7, 18, 1),
(8, 1, 1),  (8, 6, 1),  (8, 9, 1),  (8, 18, 1),
(9, 1, 1),  (9, 7, 1),  (9, 18, 1),
(10, 8, 1),
(11, 8, 1), (11, 2, 1),
(12, 9, 1), (12, 6, 1),
(13, 8, 1), (13, 10, 1), (13, 17, 1), (13, 21, 1),
(14, 11, 1), (14, 22, 1),
(15, 9, 1), (15, 6, 1),  (15, 12, 1),
(16, 13, 1), (16, 2, 1),
(17, 14, 1), (17, 7, 1),  (17, 25, 1),
(18, 15, 1), (18, 26, 1), (18, 20, 1), (18, 23, 1),
(19, 16, 1),
(20, 1, 1),  (20, 16, 1), (20, 18, 1),
(21, 1, 1),  (21, 18, 1),
(22, 1, 1),  (22, 3, 1),  (22, 18, 1),
(23, 1, 1),  (23, 27, 1), (23, 18, 1),
(24, 4, 1),  (24, 18, 1),
(25, 1, 1),  (25, 5, 1),  (25, 18, 1),
(26, 1, 1),  (26, 6, 1),  (26, 9, 1),  (26, 18, 1),
(27, 1, 1),  (27, 7, 1),  (27, 18, 1),
(29, 1, 1),  (29, 18, 1),
(30, 1, 1),  (30, 2, 1),  (30, 18, 1),
(31, 3, 1),  (31, 27, 1),
(32, 1, 1),  (32, 3, 1),  (32, 19, 1),
(33, 1, 1),  (33, 27, 1), (33, 18, 1),
(34, 4, 1),  (34, 18, 1),
(35, 1, 1),  (35, 5, 1),  (35, 18, 1),
(36, 1, 1),  (36, 6, 1),  (36, 9, 1),  (36, 18, 1),
(37, 1, 1),  (37, 7, 1),  (37, 18, 1),
(38, 8, 1),
(39, 8, 1),  (39, 2, 1),
(40, 9, 1),  (40, 6, 1),
(41, 8, 1),  (41, 10, 1), (41, 17, 1), (41, 21, 1),
(42, 11, 1), (42, 22, 1),
(43, 9, 1),  (43, 6, 1),  (43, 12, 1),
(44, 13, 1), (44, 2, 1),
(45, 14, 1), (45, 7, 1),  (45, 25, 1),
(46, 15, 1), (46, 26, 1), (46, 20, 1), (46, 23, 1),
(47, 16, 1),
(48, 1, 1),  (48, 16, 1), (48, 18, 1),
(49, 1, 1),  (49, 18, 1),
(50, 1, 1),  (50, 3, 1),  (50, 18, 1),
(51, 1, 1),  (51, 27, 1), (51, 18, 1),
(52, 4, 1),  (52, 18, 1),
(53, 1, 1),  (53, 5, 1),  (53, 18, 1),
(54, 1, 1),  (54, 6, 1),  (54, 9, 1),  (54, 18, 1),
(55, 1, 1),  (55, 7, 1),  (55, 18, 1);

INSERT INTO public."Employees" ("name", "salary", "job_title", "username", "password") VALUES
('Alice Chen', 15.50, 'Barista', 'alice.tea', 'pearlMilk17'),
('Brian Lopez', 16.00, 'Shift Lead', 'bri_lopez7', 'lopez_90210'),
('Cindy Nguyen', 15.00, 'Barista', 'cindy_ng', 'tar0time'),
('Daniel Park', 17.50, 'Assistant Manager', 'parkd_admin', 'AdminPark!'),
('Emily Tran', 15.25, 'Cashier', 'em.tran', 'emT2022'),
('Frank Rivera', 14.75, 'Barista', 'frankR_tea', 'rivera88'),
('Marcel Reed', 18.50, 'Store Manager', 'gkim_mgr', 'TeaQueen'),
('Henry Patel', 15.00, 'Barista', 'henry.patel', 'hpatel123'),
('Isabella Martinez', 15.50, 'Cashier', 'bella.mart', 'bella!cash'),
('Jason Wu', 16.75, 'Shift Lead', 'wu_jason99', 'shift99wu'),
('Kathy Zhou', 15.00, 'Barista', 'kzhou_boba', 'zhou_k7'),
('Leo Johnson', 14.50, 'Barista', 'leo.johns', 'johnsonLeo'),
('Mia Singh', 15.25, 'Cashier', 'mia.s_cash', 'm1a_singh'),
('Noah Brown', 16.00, 'Shift Lead', 'nbrown.shift', 'nbrown!'),
('Olivia Davis', 15.75, 'Barista', 'oliviaD_tea', 'olivD45'),
('Peter Li', 17.00, 'Assistant Manager', 'peter.li_am', 'li.peter'),
('Quinn Anderson', 14.75, 'Barista', 'quinnA_boba', 'and3rs0n'),
('Sophia Ramirez', 15.50, 'Cashier', 'sophR_cash', 'ramirez_s');